,日期,股票代码,名称,收盘价,最高价,最低价,开盘价,前收盘,涨跌额,涨跌幅,换手率,成交量,成交金额,总市值,流通市值
0,2021-01-07,sz300926,N博俊,31.15,38.2,30.78,36.5,10.76,20.39,189.4981,69.5486,23436951,792423856.14,4427455410.0,1049713321.3
1,2021-01-08,sz300926,C博俊,30.01,32.8,27.12,28.13,31.15,-1.14,-3.6597,49.7145,16753122,498643985.56,4265423334.0,1011296846.62
2,2021-01-11,sz300926,C博俊,29.19,32.58,29.0,29.98,30.01,-0.82,-2.7324,40.8803,13776130,429471588.78,4148873946.0,983663943.78
3,2021-01-12,sz300926,C博俊,29.7,31.28,26.04,27.0,29.19,0.51,1.7472,36.4232,12274126,352441550.42,4221361980.0,1000850261.4
4,2021-01-13,sz300926,C博俊,32.1,32.28,28.62,28.82,29.7,2.4,8.0808,46.2504,15585755,486202451.6,4562482140.0,1081727050.2
5,2021-01-14,sz300926,博俊科技,27.52,32.05,27.5,30.68,32.1,-4.58,-14.2679,41.6609,14039175,414112096.69,3911511168.0,927387178.24
6,2021-01-15,sz300926,博俊科技,28.89,30.12,26.15,26.51,27.52,1.37,4.9782,35.5696,11986490,341594482.69,4106233926.0,973554345.18
7,2021-01-18,sz300926,博俊科技,28.68,29.6,27.1,28.5,28.89,-0.21,-0.7269,34.4803,11619385,330996091.82,4076385912.0,966477626.16
8,2021-01-19,sz300926,博俊科技,28.92,30.66,28.0,28.0,28.68,0.24,0.8368,33.6826,11350572,333165082.05,4110497928.0,974565305.04
9,2021-01-20,sz300926,博俊科技,30.14,30.44,27.7,29.04,28.92,1.22,4.2185,40.3356,13592552,398686249.6,4283900676.0,1015677672.68
10,2021-01-21,sz300926,博俊科技,27.88,29.6,27.85,29.56,30.14,-2.26,-7.4983,32.1187,10823572,309250168.25,3962679192.0,939518696.56
11,2021-01-22,sz300926,博俊科技,25.91,28.4,25.74,28.2,27.88,-1.97,-7.066,28.8728,9729741,261448555.57,3682676394.0,873132332.42
12,2021-01-25,sz300926,博俊科技,24.21,25.2,23.79,25.18,25.91,-1.7,-6.5612,23.0051,7752396,188422641.68,3441049614.0,815844607.02
13,2021-01-26,sz300926,博俊科技,23.35,24.98,23.24,24.28,24.21,-0.86,-3.5523,18.4234,6208451,149609151.75,3318814890.0,786863757.7
14,2021-01-27,sz300926,博俊科技,23.72,23.74,22.23,22.8,23.35,0.37,1.5846,16.8724,5685783,131176676.19,3371404248.0,799332262.64
15,2021-01-28,sz300926,博俊科技,22.39,23.77,22.34,23.1,23.72,-1.33,-5.6071,14.7945,4985561,114985739.52,3182366826.0,754513042.18
16,2021-01-29,sz300926,博俊科技,22.95,23.98,21.53,22.45,22.39,0.56,2.5011,20.6384,6954869,157397341.92,3261961530.0,773384292.9
17,2021-02-01,sz300926,博俊科技,24.85,25.12,22.5,22.5,22.95,1.9,8.2789,30.1273,10152493,246329542.84,3532014990.0,837411750.7
18,2021-02-02,sz300926,博俊科技,23.67,26.15,23.65,24.52,24.85,-1.18,-4.7485,25.9631,8749218,216740272.86,3364297578.0,797647329.54
19,2021-02-03,sz300926,博俊科技,23.36,23.88,22.21,22.99,23.67,-0.31,-1.3097,20.9095,7046213,161231015.36,3320236224.0,787200744.32
20,2021-02-04,sz300926,博俊科技,24.7,25.8,22.33,22.82,23.36,1.34,5.7363,28.9435,9753582,234235624.1,3510694980.0,832356951.4
21,2021-02-05,sz300926,博俊科技,21.6,24.5,21.6,24.3,24.7,-3.1,-12.5506,21.1501,7127294,166300675.62,3070081440.0,727891099.2
22,2021-02-08,sz300926,博俊科技,20.19,22.16,20.06,21.21,21.6,-1.41,-6.5278,16.4495,5543278,116038692.52,2869673346.0,680375985.78
23,2021-02-09,sz300926,博俊科技,20.0,20.59,19.63,20.19,20.19,-0.19,-0.9411,14.2063,4787347,96338464.38,2842668000.0,673973240.0
24,2021-02-10,sz300926,博俊科技,19.98,20.85,19.85,20.1,20.0,-0.02,-0.1,11.1247,3748883,75873494.23,2839825332.0,673299266.76
25,2021-02-18,sz300926,博俊科技,20.76,20.91,20.0,20.0,19.98,0.78,3.9039,13.0497,4397572,90810765.34,2950689384.0,699584223.12
26,2021-02-19,sz300926,博俊科技,21.15,21.35,20.41,20.76,20.76,0.39,1.8786,12.0392,4057062,84837226.68,3006121410.0,712726701.3
27,2021-02-22,sz300926,博俊科技,20.56,21.45,20.53,21.14,21.15,-0.59,-2.7896,14.5566,4905391,103271844.85,2922262704.0,692844490.72
28,2021-02-23,sz300926,博俊科技,22.03,22.76,20.13,20.5,20.56,1.47,7.1498,24.9482,8407217,182520876.4,3131198802.0,742381523.86
29,2021-02-24,sz300926,博俊科技,21.52,21.91,21.19,21.6,22.03,-0.51,-2.315,15.4525,5207280,111629600.12,3058710768.0,725195206.24
30,2021-02-25,sz300926,博俊科技,20.6,21.61,20.55,21.5,21.52,-0.92,-4.2751,12.6957,4278295,89736895.64,2927948040.0,694192437.2
31,2021-02-26,sz300926,博俊科技,20.77,21.5,20.01,20.1,20.6,0.17,0.8252,12.0173,4049656,83754071.25,2952110718.0,699921209.74
32,2021-03-01,sz300926,博俊科技,21.11,21.33,20.53,20.75,20.77,0.34,1.637,8.5538,2882500,60550965.38,3000436074.0,711378754.82
33,2021-03-02,sz300926,博俊科技,20.78,21.45,20.61,21.2,21.11,-0.33,-1.5632,9.3709,3157852,66323126.46,2953532052.0,700258196.36
34,2021-03-03,sz300926,博俊科技,20.77,21.0,20.39,20.62,20.78,-0.01,-0.0481,6.7847,2286361,47357633.37,2952110718.0,699921209.74
35,2021-03-04,sz300926,博俊科技,20.06,20.73,20.06,20.73,20.77,-0.71,-3.4184,9.5598,3221529,65672215.55,2851196004.0,675995159.72
36,2021-03-05,sz300926,博俊科技,20.68,21.02,20.02,20.08,20.06,0.62,3.0907,9.2245,3108540,63936765.5,2939318712.0,696888330.16
37,2021-03-08,sz300926,博俊科技,21.37,22.0,20.81,20.9,20.68,0.69,3.3366,18.2412,6147050,131376048.61,3037390758.0,720140406.94
38,2021-03-09,sz300926,博俊科技,21.45,21.8,20.1,21.19,21.37,0.08,0.3744,16.192,5456492,115011275.04,3048761430.0,722836299.9
39,2021-03-10,sz300926,博俊科技,23.77,25.74,22.5,22.5,21.45,2.32,10.8159,43.1309,14534552,351791027.56,3378510918.0,801017195.74
40,2021-03-11,sz300926,博俊科技,22.83,23.38,21.35,22.29,23.77,-0.94,-3.9546,32.6616,11006535,245213380.34,3244905522.0,769340453.46
41,2021-03-12,sz300926,博俊科技,21.45,22.32,21.28,22.18,22.83,-1.38,-6.0447,22.1124,7451569,162501128.1,3048761430.0,722836299.9
42,2021-03-15,sz300926,博俊科技,20.86,21.2,20.31,21.17,21.45,-0.59,-2.7506,15.1132,5092939,105365297.9,2964902724.0,702954089.32
43,2021-03-16,sz300926,博俊科技,20.93,21.18,20.56,20.78,20.86,0.07,0.3356,10.1911,3434261,71637315.69,2974852062.0,705312995.66
44,2021-03-17,sz300926,博俊科技,21.65,21.65,20.57,20.87,20.93,0.72,3.44,14.2207,4792186,101618035.79,3077188110.0,729576032.3
45,2021-03-18,sz300926,博俊科技,22.4,22.58,21.52,21.52,21.65,0.75,3.4642,21.054,7094931,156185052.95,3183788160.0,754850028.8
46,2021-03-19,sz300926,博俊科技,22.3,22.96,21.77,22.0,22.4,-0.1,-0.4464,19.5901,6601616,148879827.9,3169574820.0,751480162.6
47,2021-03-22,sz300926,博俊科技,23.18,23.88,22.3,22.3,22.3,0.88,3.9462,20.7887,7005530,161800843.73,3294652212.0,781134985.16
48,2021-03-23,sz300926,博俊科技,23.4,23.95,22.54,23.17,23.18,0.22,0.9491,21.0692,7100026,164882713.88,3325921560.0,788548690.8
49,2021-03-24,sz300926,博俊科技,22.6,23.45,22.05,22.95,23.4,-0.8,-3.4188,15.4069,5191919,117712519.18,3212214840.0,761589761.2
50,2021-03-25,sz300926,博俊科技,22.3,23.13,22.25,22.57,22.6,-0.3,-1.3274,12.1685,4100609,93132065.04,3169574820.0,751480162.6
51,2021-03-26,sz300926,博俊科技,22.58,22.6,22.12,22.18,22.3,0.28,1.2556,9.7118,3272755,73316615.45,3209372172.0,760915787.96
52,2021-03-29,sz300926,博俊科技,22.29,22.33,21.34,22.03,22.58,-0.29,-1.2843,15.6793,5283705,115043707.15,3168153486.0,751143175.98
53,2021-03-30,sz300926,博俊科技,21.3,22.23,21.16,22.1,22.29,-0.99,-4.4415,11.8383,3989334,86345866.92,3027441420.0,717781500.6
54,2021-03-31,sz300926,博俊科技,21.49,21.78,21.21,21.21,21.3,0.19,0.892,8.1103,2733069,58801295.57,3054446766.0,724184246.38
55,2021-04-01,sz300926,博俊科技,21.59,22.38,21.45,21.49,21.49,0.1,0.4653,12.1634,4098906,89912876.93,3068660106.0,727554112.58
56,2021-04-02,sz300926,博俊科技,22.77,22.77,20.98,21.35,21.59,1.18,5.4655,20.0738,6764605,149157354.19,3236377518.0,767318533.74
57,2021-04-06,sz300926,博俊科技,23.25,23.88,22.6,22.91,22.77,0.48,2.108,24.1237,8129357,188456853.36,3304601550.0,783493891.5
58,2021-04-07,sz300926,博俊科技,24.52,25.66,22.72,23.25,23.25,1.27,5.4624,32.282,10878614,261588233.87,3485110968.0,826291192.24
59,2021-04-08,sz300926,博俊科技,23.94,25.0,23.85,24.5,24.52,-0.58,-2.3654,27.0605,9119043,222329403.34,3402673596.0,806745968.28
60,2021-04-09,sz300926,博俊科技,23.81,24.4,23.58,23.66,23.94,-0.13,-0.543,14.9035,5022284,119980317.19,3384196254.0,802365142.22
61,2021-04-12,sz300926,博俊科技,23.39,23.91,23.2,23.65,23.81,-0.42,-1.764,11.3408,3821706,89477546.32,3324500226.0,788211704.18
62,2021-04-13,sz300926,博俊科技,23.0,23.97,22.82,23.3,23.39,-0.39,-1.6674,12.6341,4257515,99696813.11,3269068200.0,775069226.0
63,2021-04-14,sz300926,博俊科技,24.23,24.71,22.86,22.96,23.0,1.23,5.3478,21.5965,7277729,175105959.52,3443892282.0,816518580.26
64,2021-04-15,sz300926,博俊科技,23.11,23.84,22.96,23.82,24.23,-1.12,-4.6224,14.7734,4978433,115754352.34,3284702874.0,778776078.82
65,2021-04-16,sz300926,博俊科技,24.47,24.75,22.97,22.99,23.11,1.36,5.8849,23.2984,7851233,189695382.14,3478004298.0,824606259.14
66,2021-04-19,sz300926,博俊科技,25.63,26.68,24.23,24.48,24.47,1.16,4.7405,32.8973,11085947,279111647.16,3642879042.0,863696707.06
67,2021-04-20,sz300926,博俊科技,24.68,26.78,24.65,26.48,25.63,-0.95,-3.7066,31.4046,10582930,270859742.84,3507852312.0,831682978.16
68,2021-04-21,sz300926,博俊科技,24.08,25.28,23.86,24.35,24.68,-0.6,-2.4311,19.7407,6652348,161576965.79,3422572272.0,811463780.96
69,2021-04-22,sz300926,博俊科技,24.9,25.37,23.63,23.88,24.08,0.82,3.4053,24.7381,8336403,205527878.27,3539121660.0,839096683.8
70,2021-04-23,sz300926,博俊科技,25.44,25.94,24.0,24.5,24.9,0.54,2.1687,29.3142,9878480,249477138.77,3615873696.0,857293961.28
71,2021-04-26,sz300926,博俊科技,24.73,25.69,24.6,25.29,25.44,-0.71,-2.7909,17.7087,5967600,148932283.36,3514958982.0,833367911.26
72,2021-04-27,sz300926,博俊科技,21.85,24.54,21.8,24.54,24.73,-2.88,-11.6458,21.4771,7237510,167676508.67,3105614790.0,736315764.7
73,2021-04-28,sz300926,博俊科技,22.36,22.69,21.15,21.85,21.85,0.51,2.3341,11.3726,3832399,84593272.63,3178102824.0,753502082.32
74,2021-04-29,sz300926,博俊科技,21.34,23.18,21.25,22.81,22.36,-1.02,-4.5617,12.1777,4103731,90913995.88,3033126756.0,719129447.08
75,2021-04-30,sz300926,博俊科技,20.85,21.39,20.3,21.21,21.34,-0.49,-2.2962,11.4988,3874947,80419596.1,2963481390.0,702617102.7
76,2021-05-06,sz300926,博俊科技,25.02,25.02,20.46,20.93,20.85,4.17,20.0,25.7862,8689606,208380322.41,3556177668.0,843140523.24
77,2021-05-07,sz300926,博俊科技,27.69,29.13,24.07,26.5,25.02,2.67,10.6715,50.2686,16939830,448193759.18,3935673846.0,933115950.78
78,2021-05-10,sz300926,博俊科技,26.03,28.25,24.32,28.01,27.69,-1.66,-5.9949,37.4778,12629531,325744639.18,3699732402.0,877176171.86
79,2021-05-11,sz300926,博俊科技,26.98,28.33,25.44,26.24,26.03,0.95,3.6496,35.4076,11931883,322905323.69,3834759132.0,909189900.76
80,2021-05-12,sz300926,博俊科技,27.47,31.21,25.66,25.7,26.98,0.49,1.8162,47.0684,15861406,454202606.2,3904404498.0,925702245.14
81,2021-05-13,sz300926,博俊科技,26.05,28.24,25.89,26.81,27.47,-1.42,-5.1693,32.3993,10918145,292649033.78,3702575070.0,877850145.1
82,2021-05-14,sz300926,博俊科技,27.61,30.56,26.67,26.67,26.05,1.56,5.9885,53.8736,18154695,513042518.5,3924303174.0,930420057.82
83,2021-05-17,sz300926,博俊科技,26.69,28.26,26.0,27.71,27.61,-0.92,-3.3321,35.0429,11808991,316506410.85,3793540446.0,899417288.78
84,2021-05-18,sz300926,博俊科技,25.62,26.81,24.63,26.8,26.69,-1.07,-4.009,29.5565,9960131,252608366.46,3641457708.0,863359720.44
85,2021-05-19,sz300926,博俊科技,24.91,25.77,24.76,25.51,25.57,-0.66,-2.5811,21.1096,7113651,178880725.7,3540542994.0,839433670.42
86,2021-05-20,sz300926,博俊科技,23.8,24.76,23.65,24.7,24.91,-1.11,-4.456,19.9042,6707451,161224646.25,3382774920.0,802028155.6
87,2021-05-21,sz300926,博俊科技,24.3,24.47,23.61,23.8,23.8,0.5,2.1008,18.4993,6234022,149851099.7,3453841620.0,818877486.6
88,2021-05-24,sz300926,博俊科技,23.98,24.42,23.28,24.4,24.3,-0.32,-1.3169,13.7055,4618569,109785799.63,3408358932.0,808093914.76
89,2021-05-25,sz300926,博俊科技,24.05,24.35,23.66,23.72,23.98,0.07,0.2919,12.1728,4102085,98549053.2,3418308270.0,810452821.1
90,2021-05-26,sz300926,博俊科技,24.29,24.48,23.6,23.97,24.05,0.24,0.9979,11.7019,3943380,95588857.84,3452420286.0,818540499.98
91,2021-05-27,sz300926,博俊科技,23.74,24.5,23.45,24.35,24.29,-0.55,-2.2643,15.5759,5248874,125327546.89,3374246916.0,800006235.88
92,2021-05-28,sz300926,博俊科技,22.71,23.95,22.66,23.7,23.74,-1.03,-4.3387,13.8243,4658600,108601415.0,3227849514.0,765296614.02
93,2021-05-31,sz300926,博俊科技,23.26,23.27,22.18,22.49,22.71,0.55,2.4218,9.7799,3295693,75620309.81,3306022884.0,783830878.12
94,2021-06-01,sz300926,博俊科技,23.33,23.46,23.08,23.25,23.26,0.07,0.3009,7.8833,2656567,61823596.42,3315972222.0,786189784.46
95,2021-06-02,sz300926,博俊科技,23.72,23.84,22.9,23.3,23.33,0.39,1.6717,12.083,4071793,95383125.82,3371404248.0,799332262.64
96,2021-06-03,sz300926,博俊科技,22.91,23.8,22.9,23.8,23.72,-0.81,-3.4148,9.8729,3327029,77569836.17,3256276194.0,772036346.42
97,2021-06-04,sz300926,博俊科技,22.52,23.13,22.48,22.62,22.91,-0.39,-1.7023,6.8526,2309228,52390108.72,3200844168.0,758893868.24
98,2021-06-07,sz300926,博俊科技,22.28,22.73,22.03,22.69,22.52,-0.24,-1.0657,6.5989,2223753,49501023.07,3166732152.0,750806189.36
99,2021-06-08,sz300926,博俊科技,22.26,22.49,21.9,22.15,22.28,-0.02,-0.0898,5.875,1979796,43790775.78,3163889484.0,750132216.12
100,2021-06-09,sz300926,博俊科技,23.15,24.17,22.53,22.53,22.26,0.89,3.9982,15.6743,5282042,123756030.95,3290388210.0,780124025.3
101,2021-06-10,sz300926,博俊科技,22.8,23.38,22.41,23.27,23.15,-0.35,-1.5119,9.6073,3237524,73490731.35,3240641520.0,768329493.6
102,2021-06-11,sz300926,博俊科技,22.38,22.85,22.37,22.85,22.8,-0.42,-1.8421,5.9438,2002995,45081983.98,3180945492.0,754176055.56
103,2021-06-15,sz300926,博俊科技,22.24,22.63,22.01,22.34,22.38,-0.14,-0.6256,4.6917,1581050,35211400.75,3161046816.0,749458242.88
104,2021-06-16,sz300926,博俊科技,21.46,22.36,21.39,22.25,22.24,-0.78,-3.5072,5.8723,1978900,42940358.0,3050182764.0,723173286.52
105,2021-06-17,sz300926,博俊科技,21.59,21.9,21.4,21.46,21.46,0.13,0.6058,3.8229,1288278,27880758.38,3068660106.0,727554112.58
106,2021-06-18,sz300926,博俊科技,22.2,22.38,21.5,21.87,21.59,0.61,2.8254,5.5587,1873202,41352843.96,3155361480.0,748110296.4
107,2021-06-21,sz300926,博俊科技,22.24,22.35,22.0,22.03,22.2,0.04,0.1802,4.7391,1596998,35452133.18,3161046816.0,749458242.88
108,2021-06-22,sz300926,博俊科技,22.59,22.87,22.16,22.19,22.24,0.35,1.5737,7.5544,2545744,57456096.8,3210793506.0,761252774.58
109,2021-06-23,sz300926,博俊科技,22.34,22.8,22.2,22.8,22.59,-0.25,-1.1067,6.2022,2090046,46747199.79,3175260156.0,752828109.08
110,2021-06-24,sz300926,博俊科技,22.48,22.57,21.9,22.26,22.34,0.14,0.6267,6.4825,2184511,48385271.27,3195158832.0,757545921.76
111,2021-06-25,sz300926,博俊科技,25.52,26.98,23.51,23.51,22.48,3.04,13.5231,45.9194,15474231,404158236.77,3627244368.0,859989854.24
112,2021-06-28,sz300926,博俊科技,24.18,24.75,23.8,24.06,25.52,-1.34,-5.2508,33.0936,11152084,269928306.82,3436785612.0,814833647.16
113,2021-06-29,sz300926,博俊科技,22.8,24.17,22.8,23.86,24.18,-1.38,-5.7072,21.1629,7131608,164909488.98,3240641520.0,768329493.6
114,2021-06-30,sz300926,博俊科技,22.6,22.85,22.35,22.61,22.8,-0.2,-0.8772,11.3638,3829456,86254660.77,3212214840.0,761589761.2
115,2021-07-01,sz300926,博俊科技,22.22,22.69,22.2,22.65,22.6,-0.38,-1.6814,7.8409,2642266,59144653.29,3158204148.0,748784269.64
116,2021-07-02,sz300926,博俊科技,22.34,22.47,21.92,22.06,22.22,0.12,0.5401,6.1452,2070857,46041005.74,3175260156.0,752828109.08
117,2021-07-05,sz300926,博俊科技,22.5,22.5,22.02,22.29,22.34,0.16,0.7162,6.5457,2205815,49123518.07,3198001500.0,758219895.0
118,2021-07-06,sz300926,博俊科技,22.08,22.53,22.02,22.53,22.5,-0.42,-1.8667,6.535,2202220,48789836.4,3138305472.0,744066456.96
119,2021-07-07,sz300926,博俊科技,22.4,22.58,21.93,22.01,22.08,0.32,1.4493,7.6085,2563959,57293831.76,3183788160.0,754850028.8
120,2021-07-08,sz300926,博俊科技,21.71,22.32,21.54,22.21,22.4,-0.69,-3.0804,9.8844,3330915,72711481.91,3085716114.0,731597952.02
121,2021-07-09,sz300926,博俊科技,22.0,22.36,21.33,21.52,21.71,0.29,1.3358,6.9641,2346816,51191513.3,3126934800.0,741370564.0
122,2021-07-12,sz300926,博俊科技,22.15,22.4,21.55,21.67,22.0,0.15,0.6818,8.9777,3190078,70244190.74,3148254810.0,787064810.0
123,2021-07-13,sz300926,博俊科技,21.98,22.25,21.72,22.05,22.15,-0.17,-0.7675,5.5413,1969025,43151269.83,3124092132.0,781024132.0
124,2021-07-14,sz300926,博俊科技,21.79,21.99,21.71,21.78,21.98,-0.19,-0.8644,4.4018,1564096,34107052.16,3097086786.0,774272786.0
125,2021-07-15,sz300926,博俊科技,21.08,21.68,20.83,21.57,21.79,-0.71,-3.2584,6.7598,2401975,50856106.46,2996172072.0,749044072.0
126,2021-07-16,sz300926,博俊科技,21.33,21.9,21.21,21.23,21.08,0.25,1.186,5.8408,2075427,44710056.16,3031705422.0,757927422.0
127,2021-07-19,sz300926,博俊科技,20.81,21.19,20.51,21.19,21.33,-0.52,-2.4379,4.8024,1706448,35368851.25,2957796054.0,739450054.0
128,2021-07-20,sz300926,博俊科技,21.33,21.67,21.02,21.25,20.81,0.52,2.4988,5.4912,1951203,41719798.99,3031705422.0,757927422.0
129,2021-07-21,sz300926,博俊科技,21.72,21.87,20.94,21.4,21.33,0.39,1.8284,6.7636,2403334,51597096.06,3087137448.0,771785448.0
130,2021-07-22,sz300926,博俊科技,22.02,22.3,21.43,21.73,21.72,0.3,1.3812,8.1497,2895881,63290934.09,3129777468.0,782445468.0
131,2021-07-23,sz300926,博俊科技,21.4,22.06,21.4,22.02,22.02,-0.62,-2.8156,5.9932,2129601,46024700.94,3041654760.0,760414760.0
132,2021-07-26,sz300926,博俊科技,20.74,21.39,20.53,21.2,21.4,-0.66,-3.0841,5.0973,1811244,37735524.2,2947846716.0,736962716.0
133,2021-07-27,sz300926,博俊科技,20.33,21.16,20.33,21.0,20.74,-0.41,-1.9769,4.4341,1575598,32762270.84,2889572022.0,722394022.0
134,2021-07-28,sz300926,博俊科技,19.41,20.3,18.99,20.28,20.33,-0.92,-4.5253,4.875,1732255,33979225.82,2758809294.0,689703294.0
135,2021-07-29,sz300926,博俊科技,19.76,20.05,19.5,19.5,19.41,0.35,1.8032,3.2324,1148568,22752930.85,2808555984.0,702139984.0
136,2021-07-30,sz300926,博俊科技,19.96,20.16,19.55,19.75,19.76,0.2,1.0121,3.972,1411395,28116407.28,2836982664.0,709246664.0
137,2021-08-02,sz300926,博俊科技,20.54,20.8,20.11,20.3,19.96,0.58,2.9058,4.5175,1605204,32810724.36,2919420036.0,729856036.0
138,2021-08-03,sz300926,博俊科技,20.5,20.83,20.36,20.6,20.54,-0.04,-0.1947,4.864,1728340,35653625.61,2913734700.0,728434700.0
139,2021-08-04,sz300926,博俊科技,21.62,21.7,20.25,20.3,20.5,1.12,5.4634,11.6564,4141924,87967890.13,3072924108.0,768232108.0
140,2021-08-05,sz300926,博俊科技,21.86,22.54,20.92,21.79,21.62,0.24,1.1101,14.8475,5275817,114196380.55,3107036124.0,776760124.0
141,2021-08-06,sz300926,博俊科技,20.91,21.64,20.91,21.6,21.86,-0.95,-4.3458,8.0114,2846710,60449213.64,2972009394.0,743003394.0
142,2021-08-09,sz300926,博俊科技,21.1,21.16,20.61,20.65,20.91,0.19,0.9087,4.6151,1639908,34327777.07,2999014740.0,749754740.0
143,2021-08-10,sz300926,博俊科技,21.12,21.34,20.85,20.94,21.1,0.02,0.0948,4.5781,1626738,34261843.57,3001857408.0,750465408.0
144,2021-08-11,sz300926,博俊科技,21.51,21.7,20.84,21.08,21.12,0.39,1.8466,7.3406,2608372,55591495.99,3057289434.0,764323434.0
145,2021-08-12,sz300926,博俊科技,22.28,22.5,21.26,21.41,21.51,0.77,3.5797,16.2202,5763586,127207151.18,3166732152.0,791684152.0
146,2021-08-13,sz300926,博俊科技,22.22,22.56,21.91,22.54,22.28,-0.06,-0.2693,12.1008,4299842,95680706.13,3158204148.0,789552148.0
147,2021-08-16,sz300926,博俊科技,22.25,22.39,21.78,22.1,22.22,0.03,0.135,7.436,2642274,58458126.61,3162468150.0,790618150.0
148,2021-08-17,sz300926,博俊科技,20.95,22.19,20.9,22.06,22.25,-1.3,-5.8427,9.5054,3377606,72559169.92,2977694730.0,744424730.0
149,2021-08-18,sz300926,博俊科技,21.1,21.38,20.69,20.69,20.95,0.15,0.716,5.3626,1905499,40146677.34,2999014740.0,749754740.0
150,2021-08-19,sz300926,博俊科技,20.76,21.23,20.64,20.82,21.1,-0.34,-1.6114,4.7804,1698623,35493215.18,2950689384.0,737673384.0
151,2021-08-20,sz300926,博俊科技,20.27,20.74,19.8,20.74,20.76,-0.49,-2.3603,5.4693,1943413,39055970.24,2881044018.0,720262018.0
152,2021-08-23,sz300926,博俊科技,21.13,21.27,20.21,20.21,20.27,0.86,4.2427,5.9551,2116061,44384588.28,3003278742.0,750820742.0
153,2021-08-24,sz300926,博俊科技,21.63,22.25,21.33,21.39,21.13,0.5,2.3663,9.4212,3347685,73111460.69,3074345442.0,768587442.0
154,2021-08-25,sz300926,博俊科技,21.92,22.22,21.48,21.98,21.63,0.29,1.3407,8.2043,2915260,63944768.85,3115564128.0,778892128.0
155,2021-08-26,sz300926,博俊科技,21.56,22.19,21.51,22.09,21.92,-0.36,-1.6423,5.2062,1849950,40276226.06,3064396104.0,766100104.0
156,2021-08-27,sz300926,博俊科技,21.06,22.09,20.95,22.01,21.56,-0.5,-2.3191,5.9727,2122286,45215276.15,2993329404.0,748333404.0
157,2021-08-30,sz300926,博俊科技,20.86,21.6,20.61,21.46,21.06,-0.2,-0.9497,4.7929,1703089,35798358.72,2964902724.0,741226724.0
158,2021-08-31,sz300926,博俊科技,20.91,21.06,20.42,20.86,20.86,0.05,0.2397,4.3815,1556910,32201901.5,2972009394.0,743003394.0
159,2021-09-01,sz300926,博俊科技,21.27,22.5,20.9,22.5,20.91,0.36,1.7217,11.1787,3972157,85482872.71,3023177418.0,755795418.0
160,2021-09-02,sz300926,博俊科技,21.57,21.98,20.56,20.78,21.27,0.3,1.4104,9.0996,3233392,68785749.14,3065817438.0,766455438.0
161,2021-09-03,sz300926,博俊科技,21.49,21.88,21.25,21.25,21.57,-0.08,-0.3709,7.347,2610641,56388140.37,3054446766.0,763612766.0
162,2021-09-06,sz300926,博俊科技,21.98,22.18,21.33,21.45,21.49,0.49,2.2801,8.726,3100648,67530673.05,3124092132.0,781024132.0
163,2021-09-07,sz300926,博俊科技,21.73,22.47,21.63,22.47,21.98,-0.25,-1.1374,7.7918,2768701,60419060.06,3088558782.0,772140782.0
164,2021-09-08,sz300926,博俊科技,21.6,21.93,21.48,21.66,21.73,-0.13,-0.5983,5.455,1938346,41960231.83,3070081440.0,767521440.0
165,2021-09-09,sz300926,博俊科技,21.36,21.73,21.06,21.41,21.6,-0.24,-1.1111,5.123,1820385,38942255.61,3035969424.0,758993424.0
166,2021-09-10,sz300926,博俊科技,22.06,22.28,21.25,21.44,21.36,0.7,3.2772,10.4284,3705568,80832268.86,3135462804.0,783866804.0
167,2021-09-13,sz300926,博俊科技,22.48,22.49,21.65,21.88,22.06,0.42,1.9039,12.6827,4506591,99837073.42,3195158832.0,798790832.0
168,2021-09-14,sz300926,博俊科技,23.18,23.7,22.12,22.4,22.48,0.7,3.1139,22.8122,8105944,187057088.71,3294652212.0,823664212.0
169,2021-09-15,sz300926,博俊科技,23.02,23.43,22.58,23.18,23.18,-0.16,-0.6903,11.9286,4238644,97109531.21,3271910868.0,817978868.0
170,2021-09-16,sz300926,博俊科技,22.88,23.77,22.71,22.92,23.02,-0.14,-0.6082,11.2827,4009111,92975840.29,3252012192.0,813004192.0
171,2021-09-17,sz300926,博俊科技,21.86,22.66,21.82,22.61,22.88,-1.02,-4.458,10.1019,3589540,79195310.33,3107036124.0,776760124.0
172,2021-09-22,sz300926,博俊科技,21.52,21.82,21.39,21.57,21.86,-0.34,-1.5554,4.196,1490975,32163982.15,3058710768.0,764678768.0
173,2021-09-23,sz300926,博俊科技,21.08,21.79,20.85,21.55,21.52,-0.44,-2.0446,8.4069,2987250,63297176.1,2996172072.0,749044072.0
174,2021-09-24,sz300926,博俊科技,20.49,21.26,20.36,21.09,21.08,-0.59,-2.7989,5.572,1979931,41189470.71,2912313366.0,728079366.0
175,2021-09-27,sz300926,博俊科技,20.38,20.83,19.77,20.54,20.49,-0.11,-0.5368,4.1894,1488622,30215957.38,2896678692.0,724170692.0
176,2021-09-28,sz300926,博俊科技,20.58,20.62,20.23,20.29,20.38,0.2,0.9814,2.1346,758492,15546913.24,2925105372.0,731277372.0
177,2021-09-29,sz300926,博俊科技,19.37,20.38,19.35,20.28,20.58,-1.21,-5.8795,4.6637,1657162,32787985.45,2753123958.0,688281958.0
178,2021-09-30,sz300926,博俊科技,19.52,19.77,19.5,19.52,19.37,0.15,0.7744,2.0344,722899,14167864.13,2774443968.0,693611968.0
179,2021-10-08,sz300926,博俊科技,20.08,20.24,19.65,19.8,19.52,0.56,2.8689,2.37,842145,16821064.05,2854038672.0,713510672.0
180,2021-10-11,sz300926,博俊科技,20.42,20.47,19.9,20.06,20.08,0.34,1.6932,2.3871,848214,17054323.46,2902364028.0,725592028.0
181,2021-10-12,sz300926,博俊科技,20.3,20.95,20.02,20.95,20.42,-0.12,-0.5877,3.5985,1278674,26258612.74,2885308020.0,721328020.0
182,2021-10-13,sz300926,博俊科技,20.58,20.89,19.7,19.7,20.3,0.28,1.3793,3.9992,1421056,29146694.68,2925105372.0,731277372.0
183,2021-10-14,sz300926,博俊科技,20.2,20.66,20.11,20.57,20.58,-0.38,-1.8465,2.9723,1056152,21429850.86,2871094680.0,717774680.0
184,2021-10-15,sz300926,博俊科技,19.89,20.2,19.81,20.2,20.2,-0.31,-1.5347,3.1059,1103641,21995320.13,2827033326.0,706759326.0
185,2021-10-18,sz300926,博俊科技,20.39,20.46,19.78,19.9,19.89,0.5,2.5138,3.325,1181481,23897532.04,2898100026.0,724526026.0
186,2021-10-19,sz300926,博俊科技,20.29,20.51,20.08,20.39,20.39,-0.1,-0.4904,2.6159,929522,18864735.37,2883886686.0,720972686.0
187,2021-10-20,sz300926,博俊科技,20.33,20.67,19.8,20.2,20.29,0.04,0.1971,3.6651,1302330,26321058.65,2889572022.0,722394022.0
188,2021-10-21,sz300926,博俊科技,19.88,20.38,19.82,20.35,20.33,-0.45,-2.2135,2.6338,935867,18694316.07,2825611992.0,706403992.0
189,2021-10-22,sz300926,博俊科技,19.51,20.02,19.5,19.85,19.88,-0.37,-1.8612,2.9825,1059767,20888129.54,2773022634.0,693256634.0
190,2021-10-25,sz300926,博俊科技,19.63,19.7,19.4,19.4,19.51,0.12,0.6151,1.7254,613106,12001168.87,2790078642.0,697520642.0
191,2021-10-26,sz300926,博俊科技,20.0,21.5,19.98,20.5,19.63,0.37,1.8849,6.8797,2444591,50567948.51,2842668000.0,710668000.0
192,2021-10-27,sz300926,博俊科技,19.24,19.93,19.05,19.55,20.0,-0.76,-3.8,5.887,2091840,40446992.83,2734646616.0,683662616.0
193,2021-10-28,sz300926,博俊科技,20.02,20.84,19.0,19.24,19.24,0.78,4.0541,8.3474,2966118,59369409.19,2845510668.0,711378668.0
194,2021-10-29,sz300926,博俊科技,20.32,20.54,19.8,19.8,20.02,0.3,1.4985,6.692,2377893,48147600.81,2888150688.0,722038688.0
195,2021-11-01,sz300926,博俊科技,20.48,20.66,19.92,20.06,20.32,0.16,0.7874,6.0658,2155383,43926169.05,2910892032.0,727724032.0
196,2021-11-02,sz300926,博俊科技,20.16,21.1,20.02,20.69,20.48,-0.32,-1.5625,6.565,2332783,47791142.26,2865409344.0,716353344.0
197,2021-11-03,sz300926,博俊科技,20.13,20.25,19.81,20.0,20.16,-0.03,-0.1488,2.989,1062083,21276277.56,2861145342.0,715287342.0
198,2021-11-04,sz300926,博俊科技,21.02,21.03,20.08,20.11,20.13,0.89,4.4213,9.6543,3430507,71260031.69,2987644068.0,746912068.0
199,2021-11-05,sz300926,博俊科技,21.43,21.48,20.65,20.95,21.02,0.41,1.9505,11.3271,4024918,85513760.52,3045918762.0,761480762.0
200,2021-11-08,sz300926,博俊科技,22.18,22.4,21.23,21.46,21.43,0.75,3.4998,13.2045,4692001,102895885.07,3152518812.0,788130812.0
201,2021-11-09,sz300926,博俊科技,22.18,22.58,21.83,22.02,22.18,0.0,0.0,12.3663,4394156,97380825.48,3152518812.0,788130812.0
202,2021-11-10,sz300926,博俊科技,22.75,22.96,22.13,22.5,22.18,0.57,2.5699,13.9081,4942029,111716794.12,3233534850.0,808384850.0
203,2021-11-11,sz300926,博俊科技,23.0,23.88,22.6,22.85,22.75,0.25,1.0989,22.4244,7968139,185891984.78,3269068200.0,817268200.0
204,2021-11-12,sz300926,博俊科技,24.35,24.97,22.31,22.31,23.0,1.35,5.8696,25.7647,9155070,216301877.62,3460948290.0,865238290.0
205,2021-11-15,sz300926,博俊科技,29.22,29.22,24.66,24.66,24.35,4.87,20.0,19.7336,7012022,196601980.82,4153137948.0,1038285948.0
206,2021-11-16,sz300926,博俊科技,29.4,34.05,26.62,31.0,29.22,0.18,0.616,67.4226,23957551,708451874.51,4178721960.0,1044681960.0
207,2021-11-17,sz300926,博俊科技,30.01,31.69,28.02,28.51,29.4,0.61,2.0748,55.3258,19659142,588508366.76,4265423334.0,1066357334.0
208,2021-11-18,sz300926,博俊科技,27.15,29.88,26.89,29.11,30.01,-2.86,-9.5302,43.8558,15583461,436968517.24,3858921810.0,964731810.0
209,2021-11-19,sz300926,博俊科技,27.01,27.78,26.5,26.63,27.15,-0.14,-0.5157,28.0038,9950705,269893906.34,3839023134.0,959757134.0
210,2021-11-22,sz300926,博俊科技,27.42,27.6,26.3,26.69,27.01,0.41,1.518,25.561,9082677,245932097.62,3897297828.0,974325828.0
211,2021-11-23,sz300926,博俊科技,32.9,32.9,28.24,28.33,27.42,5.48,19.9854,41.8276,14862757,464610399.17,4676188860.0,1169048860.0
212,2021-11-24,sz300926,博俊科技,33.22,36.2,32.35,32.35,32.9,0.32,0.9726,65.9809,23445272,797000754.99,4721671548.0,1180419548.0
213,2021-11-25,sz300926,博俊科技,30.81,34.5,30.81,33.72,33.22,-2.41,-7.2547,41.3246,14684038,468768981.05,4379130054.0,1094784054.0
214,2021-11-26,sz300926,博俊科技,29.55,31.14,29.53,30.5,30.81,-1.26,-4.0896,28.019,9956093,299820018.25,4200041970.0,1050011970.0
215,2021-11-29,sz300926,博俊科技,30.49,30.6,28.65,29.02,29.55,0.94,3.181,28.4589,10112419,302301439.04,4333647366.0,1083413366.0
216,2021-11-30,sz300926,博俊科技,31.08,31.69,30.3,30.34,30.49,0.59,1.9351,30.8651,10967418,338790087.78,4417506072.0,1104378072.0
217,2021-12-01,sz300926,博俊科技,31.27,31.9,30.06,30.06,31.08,0.19,0.6113,28.4732,10117497,314143983.12,4444511418.0,1111129418.0
218,2021-12-02,sz300926,博俊科技,28.71,32.38,28.62,32.34,31.27,-2.56,-8.1868,28.6342,10174717,306961393.83,4080649914.0,1020163914.0
219,2021-12-03,sz300926,博俊科技,28.99,31.69,28.64,28.64,28.71,0.28,0.9753,21.4069,7606587,226229667.37,4120447266.0,1030113266.0
220,2021-12-06,sz300926,博俊科技,26.89,28.72,26.81,28.35,28.99,-2.1,-7.2439,22.232,7899782,216563757.74,3821967126.0,955493126.0
221,2021-12-07,sz300926,博俊科技,26.27,27.57,25.82,27.28,26.89,-0.62,-2.3057,14.3379,5094740,133957264.23,3733844418.0,933462418.0
222,2021-12-08,sz300926,博俊科技,27.14,27.3,26.08,26.27,26.27,0.87,3.3118,11.3951,4049075,108688177.36,3857500476.0,964376476.0
223,2021-12-09,sz300926,博俊科技,26.62,27.38,26.45,27.06,27.14,-0.52,-1.916,10.0166,3559240,95417913.16,3783591108.0,945899108.0
224,2021-12-10,sz300926,博俊科技,27.28,27.28,26.25,26.61,26.62,0.66,2.4793,9.8536,3501320,94291241.22,3877399152.0,969351152.0
225,2021-12-13,sz300926,博俊科技,26.89,27.69,26.23,27.4,27.28,-0.39,-1.4296,9.7469,3463412,92528596.0,3821967126.0,955493126.0
226,2021-12-14,sz300926,博俊科技,27.42,27.6,26.46,26.51,26.89,0.53,1.971,11.1942,3977672,107866304.08,3897297828.0,974325828.0
227,2021-12-15,sz300926,博俊科技,26.98,27.37,26.67,27.35,27.42,-0.44,-1.6047,9.4959,3374200,90983654.0,3834759132.0,958691132.0
228,2021-12-16,sz300926,博俊科技,26.83,27.11,26.5,26.71,26.98,-0.15,-0.556,7.304,2595349,69518263.91,3813439122.0,953361122.0
229,2021-12-17,sz300926,博俊科技,25.4,26.99,25.4,26.65,26.83,-1.43,-5.3299,12.5796,4469945,115557047.72,3610188360.0,902548360.0
230,2021-12-20,sz300926,博俊科技,24.81,25.59,24.74,25.59,25.4,-0.59,-2.3228,6.8445,2432100,61145762.0,3526329654.0,881583654.0
231,2021-12-21,sz300926,博俊科技,25.45,25.58,24.8,24.92,24.81,0.64,2.5796,7.0555,2507059,63541551.47,3617295030.0,904325030.0
232,2021-12-22,sz300926,博俊科技,26.01,26.5,25.65,25.65,25.45,0.56,2.2004,9.1409,3248077,84481645.46,3696889734.0,924223734.0
233,2021-12-23,sz300926,博俊科技,26.42,26.9,25.88,25.9,26.01,0.41,1.5763,10.9223,3881054,102934913.86,3755164428.0,938792428.0
234,2021-12-24,sz300926,博俊科技,24.9,27.46,24.86,26.45,26.42,-1.52,-5.7532,11.1957,3978197,103180407.73,3539121660.0,884781660.0
235,2021-12-27,sz300926,博俊科技,24.56,25.21,24.31,24.62,24.9,-0.34,-1.3655,6.4257,2283260,56404755.76,3490796304.0,872700304.0
236,2021-12-28,sz300926,博俊科技,24.83,24.83,24.4,24.51,24.56,0.27,1.0993,4.6124,1638956,40303105.61,3529172322.0,882294322.0
237,2021-12-29,sz300926,博俊科技,24.4,24.75,23.97,24.68,24.83,-0.43,-1.7318,5.1916,1844753,44886909.96,3468054960.0,867014960.0
238,2021-12-30,sz300926,博俊科技,24.35,24.79,24.28,24.28,24.4,-0.05,-0.2049,4.5314,1610154,39373882.86,3460948290.0,865238290.0
239,2021-12-31,sz300926,博俊科技,23.8,24.51,23.66,24.41,24.35,-0.55,-2.2587,5.3762,1910359,45801226.63,3382774920.0,845694920.0
240,2022-01-04,sz300926,博俊科技,24.15,24.19,23.8,24.01,23.8,0.35,1.4706,4.5355,1611602,38730151.38,3432521610.0,858131610.0
241,2022-01-05,sz300926,博俊科技,23.05,24.28,22.75,24.21,24.15,-1.1,-4.5549,7.7709,2761256,64147491.8,3276174870.0,819044870.0
242,2022-01-06,sz300926,博俊科技,23.77,23.98,22.94,23.05,23.05,0.72,3.1236,6.5233,2317964,54695766.43,3378510918.0,844628918.0
243,2022-01-07,sz300926,博俊科技,22.96,24.08,22.9,24.05,23.77,-0.81,-3.4077,5.5415,2163053,50376211.29,3263382864.0,896206864.0
244,2022-01-10,sz300926,博俊科技,23.29,23.47,22.8,22.91,22.96,0.33,1.4373,3.2575,1271528,29528113.56,3310286886.0,909087886.0
245,2022-01-11,sz300926,博俊科技,23.48,23.89,23.32,23.35,23.29,0.19,0.8158,4.4413,1733577,40846619.01,3337292232.0,916504232.0
246,2022-01-12,sz300926,博俊科技,24.13,24.25,23.52,23.75,23.48,0.65,2.7683,6.5385,2552218,61366728.08,3429678942.0,941875942.0
247,2022-01-13,sz300926,博俊科技,23.82,24.24,23.81,24.18,24.13,-0.31,-1.2847,4.0912,1596918,38269060.97,3385617588.0,929775588.0
248,2022-01-14,sz300926,博俊科技,23.87,24.24,23.58,23.98,23.82,0.05,0.2099,4.7863,1868267,44693817.93,3392724258.0,931727258.0
249,2022-01-17,sz300926,博俊科技,24.48,24.6,23.91,24.5,23.87,0.61,2.5555,6.2014,2420636,58988041.59,3479425632.0,955537632.0
250,2022-01-18,sz300926,博俊科技,23.14,24.48,22.96,24.35,24.48,-1.34,-5.4739,8.6263,3367121,79093890.08,3288966876.0,903232876.0
251,2022-01-19,sz300926,博俊科技,22.93,23.46,22.75,23.4,23.14,-0.21,-0.9075,4.1121,1605100,36912337.41,3259118862.0,895035862.0
252,2022-01-20,sz300926,博俊科技,21.6,22.95,21.59,22.95,22.93,-1.33,-5.8003,6.1841,2413865,53005556.24,3070081440.0,843121440.0
253,2022-01-21,sz300926,博俊科技,21.55,21.83,21.21,21.6,21.6,-0.05,-0.2315,4.4851,1750673,37632953.22,3062974770.0,841169770.0
254,2022-01-24,sz300926,博俊科技,22.02,22.11,21.31,21.71,21.55,0.47,2.181,3.731,1456326,31842312.74,3129777468.0,859515468.0
255,2022-01-25,sz300926,博俊科技,21.0,22.38,21.0,21.9,22.02,-1.02,-4.6322,4.1787,1631074,35121643.15,2984801400.0,819701400.0
256,2022-01-26,sz300926,博俊科技,21.16,21.37,20.8,21.06,21.0,0.16,0.7619,2.4269,947302,20006555.26,3007542744.0,825946744.0
257,2022-01-27,sz300926,博俊科技,20.37,21.36,20.3,21.18,21.16,-0.79,-3.7335,3.2579,1271687,26387895.56,2895257358.0,795110358.0
258,2022-01-28,sz300926,博俊科技,21.05,21.3,20.48,20.48,20.37,0.68,3.3382,3.2799,1280259,26843781.9,2991908070.0,821653070.0
259,2022-02-07,sz300926,博俊科技,21.26,21.86,21.24,21.71,21.05,0.21,0.9976,4.1753,1629759,34975648.06,3021756084.0,829850084.0
260,2022-02-08,sz300926,博俊科技,21.31,21.53,20.92,21.24,21.26,0.05,0.2352,3.1925,1246139,26432771.65,3028862754.0,831801754.0
261,2022-02-09,sz300926,博俊科技,21.57,21.58,21.19,21.33,21.31,0.26,1.2201,3.4943,1363955,29193192.43,3065817438.0,841950438.0
262,2022-02-10,sz300926,博俊科技,21.13,21.66,21.02,21.57,21.57,-0.44,-2.0399,3.6631,1429836,30342546.18,3003278742.0,824775742.0
263,2022-02-11,sz300926,博俊科技,20.5,21.13,20.33,21.08,21.13,-0.63,-2.9815,3.549,1385300,28558289.4,2913734700.0,800184700.0
264,2022-02-14,sz300926,博俊科技,20.62,20.88,20.21,20.43,20.5,0.12,0.5854,3.3996,1326986,27374527.54,2930790708.0,804868708.0
265,2022-02-15,sz300926,博俊科技,20.91,21.0,20.33,20.65,20.62,0.29,1.4064,3.67,1432518,29754237.22,2972009394.0,816188394.0
266,2022-02-16,sz300926,博俊科技,21.17,21.28,20.85,21.21,20.91,0.26,1.2434,4.1116,1604887,33856982.47,3008964078.0,826337078.0
267,2022-02-17,sz300926,博俊科技,21.09,21.35,20.98,21.17,21.17,-0.08,-0.3779,3.8625,1507662,31920177.07,2997593406.0,823214406.0
268,2022-02-18,sz300926,博俊科技,20.96,21.1,20.64,21.0,21.09,-0.13,-0.6164,2.6782,1045392,21836023.88,2979116064.0,818140064.0
269,2022-02-21,sz300926,博俊科技,21.26,21.27,20.83,20.96,20.96,0.3,1.4313,3.3666,1314091,27776546.47,3021756084.0,829850084.0
270,2022-02-22,sz300926,博俊科技,21.12,21.45,20.86,21.04,21.26,-0.14,-0.6585,4.871,1901328,40220338.71,3001857408.0,824385408.0
